rawdataID	dataset	reprSMILES_processed	molid	InChI	InChIKey	Exp_Macro_pKa_processed	T_processed	I_processed	primary_source	comments	assigned_charge_state_transition	assignment_error	assignment_method	exclude_flag	exclude_comment
SAMPL6_1	SAMPL6	O=C1NCCCc2c1oc1ccc(O)cc21	SM01	InChI=1S/C12H11NO3/c14-7-3-4-10-9(6-7)8-2-1-5-13-12(15)11(8)16-10/h3-4,6,14H,1-2,5H2,(H,13,15)	AACFPJSJOWQNBN-UHFFFAOYSA-N	9.53	25	0.165			0>>-1	0.457000000000001	Epikx.defaultsettings.chargewindow_-2_2		
SAMPL6_2	SAMPL6	FC(F)(F)c1cccc(Nc2ncnc3ccccc23)c1	SM02	InChI=1S/C15H10F3N3/c16-15(17,18)10-4-3-5-11(8-10)21-14-12-6-1-2-7-13(12)19-9-20-14/h1-9H,(H,19,20,21)	VCOMYMMMFREKQC-UHFFFAOYSA-N	5.03	25	0.165			1>>0	0.731	Epikx.defaultsettings.chargewindow_-2_2		
SAMPL6_3	SAMPL6	O=C(Nc1nnc(Cc2ccccc2)s1)c1cccs1	SM03	InChI=1S/C14H11N3OS2/c18-13(11-7-4-8-19-11)15-14-17-16-12(20-14)9-10-5-2-1-3-6-10/h1-8H,9H2,(H,15,17,18)	IGBVONNIYTWQQL-UHFFFAOYSA-N	7.02	25	0.165			0>>-1	0.231000000000001	Epikx.defaultsettings.chargewindow_-2_2		
SAMPL6_4	SAMPL6	Clc1ccc(CNc2ncnc3ccccc23)cc1	SM04	InChI=1S/C15H12ClN3/c16-12-7-5-11(6-8-12)9-17-15-13-3-1-2-4-14(13)18-10-19-15/h1-8,10H,9H2,(H,17,18,19)	BTRLSAYDVSPYCS-UHFFFAOYSA-N	6.02	25	0.165			1>>0	0.848	Epikx.defaultsettings.chargewindow_-2_2		
SAMPL6_5	SAMPL6	O=C(Nc1ccccc1N1CCCCC1)c1ccc(Cl)o1	SM05	InChI=1S/C16H17ClN2O2/c17-15-9-8-14(21-15)16(20)18-12-6-2-3-7-13(12)19-10-4-1-5-11-19/h2-3,6-9H,1,4-5,10-11H2,(H,18,20)	VZFMTNFVLVJCCC-UHFFFAOYSA-N	4.59	25	0.165			1>>0	0.0289999999999999	Epikx.defaultsettings.chargewindow_-2_2		
SAMPL6_6	SAMPL6	O=C(Nc1cccc2cccnc12)c1cncc(Br)c1	SM06	InChI=1S/C15H10BrN3O/c16-12-7-11(8-17-9-12)15(20)19-13-5-1-3-10-4-2-6-18-14(10)13/h1-9H,(H,19,20)	ZQSXDZKZFCDQSE-UHFFFAOYSA-N	3.03	25	0.165			1>>0	0.178	Epikx.defaultsettings.chargewindow_-2_2		
SAMPL6_7	SAMPL6	O=C(Nc1cccc2cccnc12)c1cncc(Br)c1	SM06	InChI=1S/C15H10BrN3O/c16-12-7-11(8-17-9-12)15(20)19-13-5-1-3-10-4-2-6-18-14(10)13/h1-9H,(H,19,20)	ZQSXDZKZFCDQSE-UHFFFAOYSA-N	11.74	25	0.165			0>>-1	0.691000000000001	Epikx.defaultsettings.chargewindow_-2_2		
SAMPL6_8	SAMPL6	c1ccc(CNc2ncnc3ccccc23)cc1	SM07	InChI=1S/C15H13N3/c1-2-6-12(7-3-1)10-16-15-13-8-4-5-9-14(13)17-11-18-15/h1-9,11H,10H2,(H,16,17,18)	FVWANTDQRFSCAL-UHFFFAOYSA-N	6.08	25	0.165			1>>0	0.908	Epikx.defaultsettings.chargewindow_-2_2		
SAMPL6_9	SAMPL6	Cc1ccc2[nH]c(=O)c(CC(=O)O)c(-c3ccccc3)c2c1	SM08	InChI=1S/C18H15NO3/c1-11-7-8-15-13(9-11)17(12-5-3-2-4-6-12)14(10-16(20)21)18(22)19-15/h2-9H,10H2,1H3,(H,19,22)(H,20,21)	NAOPCRAIYGPGOJ-UHFFFAOYSA-N	4.22	25	0.165			0>>-1	0.210999999999999	Epikx.defaultsettings.chargewindow_-2_2		
SAMPL6_10	SAMPL6	COc1cccc(Nc2ncnc3ccccc23)c1.Cl	SM09	InChI=1S/C15H13N3O.ClH/c1-19-12-6-4-5-11(9-12)18-15-13-7-2-3-8-14(13)16-10-17-15;/h2-10H,1H3,(H,16,17,18);1H	JKXWTCGOHAXNQI-UHFFFAOYSA-N	5.37	25	0.165			1>>0	1.077	Epikx.defaultsettings.chargewindow_-2_2		
SAMPL6_11	SAMPL6	O=C(CNC(=O)c1ccccc1)Nc1nc2ccccc2s1	SM10	InChI=1S/C16H13N3O2S/c20-14(10-17-15(21)11-6-2-1-3-7-11)19-16-18-12-8-4-5-9-13(12)22-16/h1-9H,10H2,(H,17,21)(H,18,19,20)	XADJPGOQPUOTJY-UHFFFAOYSA-N	9.02	25	0.165			0>>-1	0.00999999999999979	Epikx.defaultsettings.chargewindow_-2_2		
SAMPL6_12	SAMPL6	Nc1ncnc2c1cnn2-c1ccccc1	SM11	InChI=1S/C11H9N5/c12-10-9-6-15-16(11(9)14-7-13-10)8-4-2-1-3-5-8/h1-7H,(H2,12,13,14)	KKDPIZPUTYIBFX-UHFFFAOYSA-N	3.89	25	0.165			1>>0	0.551	Epikx.defaultsettings.chargewindow_-2_2		
SAMPL6_13	SAMPL6	Cl.Clc1cccc(Nc2ncnc3ccccc23)c1	SM12	InChI=1S/C14H10ClN3.ClH/c15-10-4-3-5-11(8-10)18-14-12-6-1-2-7-13(12)16-9-17-14;/h1-9H,(H,16,17,18);1H	KJSNIHYRHGBGAQ-UHFFFAOYSA-N	5.28	25	0.165			1>>0	0.99	Epikx.defaultsettings.chargewindow_-2_2		
SAMPL6_14	SAMPL6	COc1cc2ncnc(Nc3cccc(C)c3)c2cc1OC	SM13	InChI=1S/C17H17N3O2/c1-11-5-4-6-12(7-11)20-17-13-8-15(21-2)16(22-3)9-14(13)18-10-19-17/h4-10H,1-3H3,(H,18,19,20)	RSVNNWQHWIOIOC-UHFFFAOYSA-N	5.77	25	0.165			1>>0	0.948	Epikx.defaultsettings.chargewindow_-2_2		
SAMPL6_15	SAMPL6	Nc1ccc2c(c1)ncn2-c1ccccc1	SM14	InChI=1S/C13H11N3/c14-10-6-7-13-12(8-10)15-9-16(13)11-4-2-1-3-5-11/h1-9H,14H2	JSQMNGQWESPAOF-UHFFFAOYSA-N	2.58	25	0.165			2>>1	0.185	Epikx.defaultsettings.chargewindow_-2_2		
SAMPL6_16	SAMPL6	Nc1ccc2c(c1)ncn2-c1ccccc1	SM14	InChI=1S/C13H11N3/c14-10-6-7-13-12(8-10)15-9-16(13)11-4-2-1-3-5-11/h1-9H,14H2	JSQMNGQWESPAOF-UHFFFAOYSA-N	5.3	25	0.165			1>>0	0.161	Epikx.defaultsettings.chargewindow_-2_2		
SAMPL6_17	SAMPL6	Oc1ccc(-n2cnc3ccccc32)cc1	SM15	InChI=1S/C13H10N2O/c16-11-7-5-10(6-8-11)15-9-14-12-3-1-2-4-13(12)15/h1-9,16H	YPKCOJPZSAGCHD-UHFFFAOYSA-N	4.7	25	0.165			1>>0	0.505	Epikx.defaultsettings.chargewindow_-2_2		
SAMPL6_18	SAMPL6	Oc1ccc(-n2cnc3ccccc32)cc1	SM15	InChI=1S/C13H10N2O/c16-11-7-5-10(6-8-11)15-9-14-12-3-1-2-4-13(12)15/h1-9,16H	YPKCOJPZSAGCHD-UHFFFAOYSA-N	8.94	25	0.165			0>>-1	0.358000000000001	Epikx.defaultsettings.chargewindow_-2_2		
SAMPL6_19	SAMPL6	O=C(Nc1ccncc1)c1c(Cl)cccc1Cl	SM16	InChI=1S/C12H8Cl2N2O/c13-9-2-1-3-10(14)11(9)12(17)16-8-4-6-15-7-5-8/h1-7H,(H,15,16,17)	OLJPUMGNYIOTFM-UHFFFAOYSA-N	5.37	25	0.165			1>>0	1.79	Epikx.defaultsettings.chargewindow_-2_2		
SAMPL6_20	SAMPL6	O=C(Nc1ccncc1)c1c(Cl)cccc1Cl	SM16	InChI=1S/C12H8Cl2N2O/c13-9-2-1-3-10(14)11(9)12(17)16-8-4-6-15-7-5-8/h1-7H,(H,15,16,17)	OLJPUMGNYIOTFM-UHFFFAOYSA-N	10.65	25	0.165			0>>-1	0.475	Epikx.defaultsettings.chargewindow_-2_2		
SAMPL6_21	SAMPL6	c1ccc(CSc2nnc(-c3ccncc3)o2)cc1	SM17	InChI=1S/C14H11N3OS/c1-2-4-11(5-3-1)10-19-14-17-16-13(18-14)12-6-8-15-9-7-12/h1-9H,10H2	JYGQRLOMJKRAQM-UHFFFAOYSA-N	3.16	25	0.165			1>>0	0.527	Epikx.defaultsettings.chargewindow_-2_2		
SAMPL6_22	SAMPL6	O=C(CCc1nc2ccccc2c(=O)[nH]1)Nc1ncc(Cc2ccc(F)c(F)c2)s1	SM18	InChI=1S/C21H16F2N4O2S/c22-15-6-5-12(10-16(15)23)9-13-11-24-21(30-13)27-19(28)8-7-18-25-17-4-2-1-3-14(17)20(29)26-18/h1-6,10-11H,7-9H2,(H,24,27,28)(H,25,26,29)	NSBOINOQPZJFJR-UHFFFAOYSA-N	2.15	25	0.165			1>>0	0.722	Epikx.defaultsettings.chargewindow_-2_2		
SAMPL6_23	SAMPL6	O=C(CCc1nc2ccccc2c(=O)[nH]1)Nc1ncc(Cc2ccc(F)c(F)c2)s1	SM18	InChI=1S/C21H16F2N4O2S/c22-15-6-5-12(10-16(15)23)9-13-11-24-21(30-13)27-19(28)8-7-18-25-17-4-2-1-3-14(17)20(29)26-18/h1-6,10-11H,7-9H2,(H,24,27,28)(H,25,26,29)	NSBOINOQPZJFJR-UHFFFAOYSA-N	9.58	25	0.165			0>>-1	0.411	Epikx.defaultsettings.chargewindow_-2_2		
SAMPL6_24	SAMPL6	O=C(CCc1nc2ccccc2c(=O)[nH]1)Nc1ncc(Cc2ccc(F)c(F)c2)s1	SM18	InChI=1S/C21H16F2N4O2S/c22-15-6-5-12(10-16(15)23)9-13-11-24-21(30-13)27-19(28)8-7-18-25-17-4-2-1-3-14(17)20(29)26-18/h1-6,10-11H,7-9H2,(H,24,27,28)(H,25,26,29)	NSBOINOQPZJFJR-UHFFFAOYSA-N	11.02	25	0.165			-1>>-2	0.693999999999999	Epikx.defaultsettings.chargewindow_-2_2		
SAMPL6_25	SAMPL6	CCOc1ccc2nc(NC(=O)Cc3ccc(Cl)c(Cl)c3)sc2c1	SM19	InChI=1S/C17H14Cl2N2O2S/c1-2-23-11-4-6-14-15(9-11)24-17(20-14)21-16(22)8-10-3-5-12(18)13(19)7-10/h3-7,9H,2,8H2,1H3,(H,20,21,22)	QAQGONWDFVDNAN-UHFFFAOYSA-N	9.56	25	0.165			0>>-1	0.375	Epikx.defaultsettings.chargewindow_-2_2		
SAMPL6_26	SAMPL6	O=C1NC(=O)/C(=C\c2cccc(OCc3ccc(Cl)cc3Cl)c2)S1	SM20	InChI=1S/C17H11Cl2NO3S/c18-12-5-4-11(14(19)8-12)9-23-13-3-1-2-10(6-13)7-15-16(21)20-17(22)24-15/h1-8H,9H2,(H,20,21,22)/b15-7+	XQTSESLEAASMKJ-VIZOYTHASA-N	5.7	25	0.165			0>>-1	0.204	Epikx.defaultsettings.chargewindow_-2_2		
SAMPL6_27	SAMPL6	Fc1cnc(Nc2cccc(Br)c2)nc1Nc1cccc(Br)c1	SM21	InChI=1S/C16H11Br2FN4/c17-10-3-1-5-12(7-10)21-15-14(19)9-20-16(23-15)22-13-6-2-4-11(18)8-13/h1-9H,(H2,20,21,22,23)	JMFBVEWGVFCOKD-UHFFFAOYSA-N	4.1	25	0.165			1>>0	0.0469999999999997	Epikx.defaultsettings.chargewindow_-2_2		
SAMPL6_28	SAMPL6	Oc1c(I)cc(I)c2cccnc12	SM22	InChI=1S/C9H5I2NO/c10-6-4-7(11)9(13)8-5(6)2-1-3-12-8/h1-4,13H	UXZFQZANDVDGMM-UHFFFAOYSA-N	2.4	25	0.165			1>>0	0.145	Epikx.defaultsettings.chargewindow_-2_2		
SAMPL6_29	SAMPL6	Oc1c(I)cc(I)c2cccnc12	SM22	InChI=1S/C9H5I2NO/c10-6-4-7(11)9(13)8-5(6)2-1-3-12-8/h1-4,13H	UXZFQZANDVDGMM-UHFFFAOYSA-N	7.43	25	0.165			0>>-1	0.129	Epikx.defaultsettings.chargewindow_-2_2		
SAMPL6_30	SAMPL6	CCOC(=O)c1ccc(Nc2cc(C)nc(Nc3ccc(C(=O)OCC)cc3)n2)cc1	SM23	InChI=1S/C23H24N4O4/c1-4-30-21(28)16-6-10-18(11-7-16)25-20-14-15(3)24-23(27-20)26-19-12-8-17(9-13-19)22(29)31-5-2/h6-14H,4-5H2,1-3H3,(H2,24,25,26,27)	XQABJHMTLNZEJT-UHFFFAOYSA-N	5.45	25	0.165			1>>0	0.0679999999999996	Epikx.defaultsettings.chargewindow_-2_2		
SAMPL6_31	SAMPL6	COc1ccc(-c2oc3ncnc(NCCO)c3c2-c2ccc(OC)cc2)cc1	SM24	InChI=1S/C22H21N3O4/c1-27-16-7-3-14(4-8-16)18-19-21(23-11-12-26)24-13-25-22(19)29-20(18)15-5-9-17(28-2)10-6-15/h3-10,13,26H,11-12H2,1-2H3,(H,23,24,25)	ARBUGBBNEFAECO-UHFFFAOYSA-N	2.6	25	0.165			1>>0	0.424	Epikx.defaultsettings.chargewindow_-2_2		
SAMPL7_1	SAMPL7	O=C(CCc1ccccc1)NS(=O)(=O)c1ccccc1	SM25	InChI=1S/C15H15NO3S/c17-15(12-11-13-7-3-1-4-8-13)16-20(18,19)14-9-5-2-6-10-14/h1-10H,11-12H2,(H,16,17)	OXDPYOBJCCTYAF-UHFFFAOYSA-N	4.49	25	0.165			0>>-1	0.212	Epikx.defaultsettings.chargewindow_-2_2		
SAMPL7_2	SAMPL7	CC(=O)NS(=O)(=O)CCc1ccccc1	SM26	InChI=1S/C10H13NO3S/c1-9(12)11-15(13,14)8-7-10-5-3-2-4-6-10/h2-6H,7-8H2,1H3,(H,11,12)	ZYPZFMNTSASEKA-UHFFFAOYSA-N	4.91	25	0.165			0>>-1	0.222	Epikx.defaultsettings.chargewindow_-2_2		
SAMPL7_3	SAMPL7	CC1(NS(=O)(=O)CCc2ccccc2)COC1	SM27	InChI=1S/C12H17NO3S/c1-12(9-16-10-12)13-17(14,15)8-7-11-5-3-2-4-6-11/h2-6,13H,7-10H2,1H3	YPTGBFBXBCZAFG-UHFFFAOYSA-N	10.45	25	0.165			0>>-1	2.071	Epikx.defaultsettings.chargewindow_-2_2		
SAMPL7_4	SAMPL7	CS(=O)(=O)NC1(CCc2ccccc2)COC1	SM29	InChI=1S/C12H17NO3S/c1-17(14,15)13-12(9-16-10-12)8-7-11-5-3-2-4-6-11/h2-6,13H,7-10H2,1H3	GTQDPTRMCYDNMG-UHFFFAOYSA-N	10.05	25	0.165			0>>-1	1.591	Epikx.defaultsettings.chargewindow_-2_2		
SAMPL7_5	SAMPL7	O=S(=O)(NC1(CCc2ccccc2)COC1)c1ccccc1	SM30	InChI=1S/C17H19NO3S/c19-22(20,16-9-5-2-6-10-16)18-17(13-21-14-17)12-11-15-7-3-1-4-8-15/h1-10,18H,11-14H2	DSHBIKIQYZMXSV-UHFFFAOYSA-N	10.29	25	0.165			0>>-1	2.122	Epikx.defaultsettings.chargewindow_-2_2		
SAMPL7_6	SAMPL7	CN(C)S(=O)(=O)NC1(CCc2ccccc2)COC1	SM31	InChI=1S/C13H20N2O3S/c1-15(2)19(16,17)14-13(10-18-11-13)9-8-12-6-4-3-5-7-12/h3-7,14H,8-11H2,1-2H3	RHDCIYWAWGPHGX-UHFFFAOYSA-N	11.02	25	0.165			0>>-1	2.855	Epikx.defaultsettings.chargewindow_-2_2		
SAMPL7_7	SAMPL7	CS(=O)(=O)NC1(CCc2ccccc2)CSC1	SM32	InChI=1S/C12H17NO2S2/c1-17(14,15)13-12(9-16-10-12)8-7-11-5-3-2-4-6-11/h2-6,13H,7-10H2,1H3	LLATUROHTKAZOV-UHFFFAOYSA-N	10.45	25	0.165			0>>-1	1.701	Epikx.defaultsettings.chargewindow_-2_2		
SAMPL7_8	SAMPL7	CN(C)S(=O)(=O)NC1(CCc2ccccc2)CSC1	SM34	InChI=1S/C13H20N2O2S2/c1-15(2)19(16,17)14-13(10-18-11-13)9-8-12-6-4-3-5-7-12/h3-7,14H,8-11H2,1-2H3	JLVMZWSAFDHYOQ-UHFFFAOYSA-N	11.93	25	0.165			0>>-1	3.802	Epikx.defaultsettings.chargewindow_-2_2		
SAMPL7_9	SAMPL7	CS(=O)(=O)NC1(CCc2ccccc2)C[S+]([O-])C1	SM35	InChI=1S/C12H17NO3S2/c1-18(15,16)13-12(9-17(14)10-12)8-7-11-5-3-2-4-6-11/h2-6,13H,7-10H2,1H3	IKCCGGPBCKYXJH-UHFFFAOYSA-N	9.87	25	0.165			0>>-1	0.978999999999999	Epikx.defaultsettings.chargewindow_-2_2		
SAMPL7_10	SAMPL7	O=S(=O)(NC1(CCc2ccccc2)C[S+]([O-])C1)c1ccccc1	SM36	InChI=1S/C17H19NO3S2/c19-22-13-17(14-22,12-11-15-7-3-1-4-8-15)18-23(20,21)16-9-5-2-6-10-16/h1-10,18H,11-14H2	IUZDEVPPTVLCPG-UHFFFAOYSA-N	9.8	25	0.165			0>>-1	1.381	Epikx.defaultsettings.chargewindow_-2_2		
SAMPL7_11	SAMPL7	CN(C)S(=O)(=O)NC1(CCc2ccccc2)C[S+]([O-])C1	SM37	InChI=1S/C13H20N2O3S2/c1-15(2)20(17,18)14-13(10-19(16)11-13)9-8-12-6-4-3-5-7-12/h3-7,14H,8-11H2,1-2H3	KSLZYUFPIUDTGI-UHFFFAOYSA-N	10.33	25	0.165			0>>-1	2.182	Epikx.defaultsettings.chargewindow_-2_2		
SAMPL7_12	SAMPL7	CS(=O)(=O)NC1(CCc2ccccc2)CS(=O)(=O)C1	SM38	InChI=1S/C12H17NO4S2/c1-18(14,15)13-12(9-19(16,17)10-12)8-7-11-5-3-2-4-6-11/h2-6,13H,7-10H2,1H3	UGOFJYMDPOFIIG-UHFFFAOYSA-N	9.44	25	0.165			0>>-1	0.811	Epikx.defaultsettings.chargewindow_-2_2		
SAMPL7_13	SAMPL7	O=S1(=O)CC(CCc2ccccc2)(NS(=O)(=O)c2ccccc2)C1	SM39	InChI=1S/C17H19NO4S2/c19-23(20)13-17(14-23,12-11-15-7-3-1-4-8-15)18-24(21,22)16-9-5-2-6-10-16/h1-10,18H,11-14H2	WQAPJMXIYRTJAI-UHFFFAOYSA-N	10.22	25	0.165			0>>-1	1.838	Epikx.defaultsettings.chargewindow_-2_2		
SAMPL7_14	SAMPL7	CN(C)S(=O)(=O)NC1(CCc2ccccc2)CS(=O)(=O)C1	SM40	InChI=1S/C13H20N2O4S2/c1-15(2)21(18,19)14-13(10-20(16,17)11-13)9-8-12-6-4-3-5-7-12/h3-7,14H,8-11H2,1-2H3	NDFRHTSAJSVBBW-UHFFFAOYSA-N	9.58	25	0.165			0>>-1	1.699	Epikx.defaultsettings.chargewindow_-2_2		
SAMPL7_15	SAMPL7	CS(=O)(=O)Nc1cc(-c2ccccc2)on1	SM41	InChI=1S/C10H10N2O3S/c1-16(13,14)12-10-7-9(15-11-10)8-5-3-2-4-6-8/h2-7H,1H3,(H,11,12)	IZPIXDIDZLOIPG-UHFFFAOYSA-N	5.22	25	0.165			0>>-1	0.0979999999999999	Epikx.defaultsettings.chargewindow_-2_2		
SAMPL7_16	SAMPL7	O=S(=O)(Nc1cc(-c2ccccc2)on1)c1ccccc1	SM42	InChI=1S/C15H12N2O3S/c18-21(19,13-9-5-2-6-10-13)17-15-11-14(20-16-15)12-7-3-1-4-8-12/h1-11H,(H,16,17)	VVXJHLGAEFGYFM-UHFFFAOYSA-N	6.62	25	0.165			0>>-1	2.062	Epikx.defaultsettings.chargewindow_-2_2		
SAMPL7_17	SAMPL7	CN(C)S(=O)(=O)Nc1cc(-c2ccccc2)on1	SM43	InChI=1S/C11H13N3O3S/c1-14(2)18(15,16)13-11-8-10(17-12-11)9-6-4-3-5-7-9/h3-8H,1-2H3,(H,12,13)	NPCJBDMKFDYWEP-UHFFFAOYSA-N	5.62	25	0.165			0>>-1	0.503	Epikx.defaultsettings.chargewindow_-2_2		
SAMPL7_18	SAMPL7	CS(=O)(=O)Nc1cn(-c2ccccc2)nn1	SM44	InChI=1S/C9H10N4O2S/c1-16(14,15)11-9-7-13(12-10-9)8-5-3-2-4-6-8/h2-7,11H,1H3	GELHRYLBISDEHI-UHFFFAOYSA-N	6.34	25	0.165			0>>-1	0.394	Epikx.defaultsettings.chargewindow_-2_2		
SAMPL7_19	SAMPL7	O=S(=O)(Nc1cn(-c2ccccc2)nn1)c1ccccc1	SM45	InChI=1S/C14H12N4O2S/c19-21(20,13-9-5-2-6-10-13)16-14-11-18(17-15-14)12-7-3-1-4-8-12/h1-11,16H	VBQOGZVHGSKAGT-UHFFFAOYSA-N	5.93	25	0.165			0>>-1	0.218999999999999	Epikx.defaultsettings.chargewindow_-2_2		
SAMPL7_20	SAMPL7	CN(C)S(=O)(=O)Nc1cn(-c2ccccc2)nn1	SM46	InChI=1S/C10H13N5O2S/c1-14(2)18(16,17)12-10-8-15(13-11-10)9-6-4-3-5-7-9/h3-8,12H,1-2H3	GDFIIHOWLLSAAP-UHFFFAOYSA-N	6.42	25	0.165			0>>-1	0.511	Epikx.defaultsettings.chargewindow_-2_2		
SAMPL8_1	SAMPL8	O=C(O)c1ccccc1Nc1cccc(C(F)(F)F)c1	SAMPL8-1	InChI=1S/C14H10F3NO2/c15-14(16,17)9-4-3-5-10(8-9)18-12-7-2-1-6-11(12)13(19)20/h1-8,18H,(H,19,20)	LPEPZBJOKDYZAD-UHFFFAOYSA-N	3.99	25	0.165			0>>-1	0.218999999999999	Epikx.defaultsettings.chargewindow_-2_2		
SAMPL8_2	SAMPL8	CS(=O)(=O)c1ccc(CCC(=O)O)cc1	SAMPL8-2	InChI=1S/C10H12O4S/c1-15(13,14)9-5-2-8(3-6-9)4-7-10(11)12/h2-3,5-6H,4,7H2,1H3,(H,11,12)	ZZZBVBATZOAPQB-UHFFFAOYSA-N	4.5	25	0.165			0>>-1	0.0869999999999997	Epikx.defaultsettings.chargewindow_-2_2		
SAMPL8_3	SAMPL8	NS(=O)(=O)c1cc(C(=O)O)c(NCc2ccco2)cc1Cl	SAMPL8-3	InChI=1S/C12H11ClN2O5S/c13-9-5-10(15-6-7-2-1-3-20-7)8(12(16)17)4-11(9)21(14,18)19/h1-5,15H,6H2,(H,16,17)(H2,14,18,19)	ZZUFCTLCJUWOSV-UHFFFAOYSA-N	4	25	0.165			0>>-1	0.241	Epikx.defaultsettings.chargewindow_-2_2		
SAMPL8_4	SAMPL8	Br.Cc1sc(Nc2ccc(C#N)c(Cl)c2)nc1C(=O)O	SAMPL8-4	InChI=1S/C12H8ClN3O2S.BrH/c1-6-10(11(17)18)16-12(19-6)15-8-3-2-7(5-14)9(13)4-8;/h2-4H,1H3,(H,15,16)(H,17,18);1H	NSCJJWTYDIUQEV-UHFFFAOYSA-N	5.77	25	0.165			0>>-1	2.423	Epikx.defaultsettings.chargewindow_-2_2		
SAMPL8_5	SAMPL8	O=C([O-])Cc1ccccc1Nc1c(Cl)cccc1Cl.[Na+]	SAMPL8-5	InChI=1S/C14H11Cl2NO2.Na/c15-10-5-3-6-11(16)14(10)17-12-7-2-1-4-9(12)8-13(18)19;/h1-7,17H,8H2,(H,18,19);/q;+1/p-1	KPHWPUGNDIVLNH-UHFFFAOYSA-M	4.23	25	0.165			1>>0	0.845000000000001	Epikx.defaultsettings.chargewindow_-2_2		
SAMPL8_6	SAMPL8	Cc1ccc(Cl)cc1NCc1ccc(C(=O)O)s1	SAMPL8-6	InChI=1S/C13H12ClNO2S/c1-8-2-3-9(14)6-11(8)15-7-10-4-5-12(18-10)13(16)17/h2-6,15H,7H2,1H3,(H,16,17)	VUSFWTZXPQMGCA-UHFFFAOYSA-N	4.17	25	0.165			0>>-1	0.673	Epikx.defaultsettings.chargewindow_-2_2		
SAMPL8_7	SAMPL8	Nc1nc2ccc(Br)cc2n1CC1(O)CCOCC1	SAMPL8-7	InChI=1S/C13H16BrN3O2/c14-9-1-2-10-11(7-9)17(12(15)16-10)8-13(18)3-5-19-6-4-13/h1-2,7,18H,3-6,8H2,(H2,15,16)	DQQJTMKHDDKOJM-UHFFFAOYSA-N	6.63	25	0.165			1>>0	0.173	Epikx.defaultsettings.chargewindow_-2_2		
SAMPL8_8	SAMPL8	COC(=O)c1cn2cccc(C(F)(F)F)c2n1	SAMPL8-8	InChI=1S/C10H7F3N2O2/c1-17-9(16)7-5-15-4-2-3-6(8(15)14-7)10(11,12)13/h2-5H,1H3	HHDUJZFMAASDTK-UHFFFAOYSA-N	2.78	25	0.165			1>>0	1.39	Epikx.defaultsettings.chargewindow_-2_2		
SAMPL8_9	SAMPL8	Nc1nc2ccc(Br)cc2n1CC1(O)CCCCC1	SAMPL8-9	InChI=1S/C14H18BrN3O/c15-10-4-5-11-12(8-10)18(13(16)17-11)9-14(19)6-2-1-3-7-14/h4-5,8,19H,1-3,6-7,9H2,(H2,16,17)	NBGDKCHTPMOGRJ-UHFFFAOYSA-N	6.08	25	0.165			1>>0	0.723	Epikx.defaultsettings.chargewindow_-2_2		
SAMPL8_10	SAMPL8	CS(=O)(=O)c1cccc(-c2ccc(CNCc3c(F)cccc3Cl)cc2)c1.Cl	SAMPL8-10	InChI=1S/C21H19ClFNO2S.ClH/c1-27(25,26)18-5-2-4-17(12-18)16-10-8-15(9-11-16)13-24-14-19-20(22)6-3-7-21(19)23;/h2-12,24H,13-14H2,1H3;1H	WBAVFBFTQKIKIQ-UHFFFAOYSA-N	7.71	25	0.165			1>>0	1.081	Epikx.defaultsettings.chargewindow_-2_2		
SAMPL8_11	SAMPL8	Cc1ccc(Cc2cnc(N)nc2N2CCOCC2)cc1	SAMPL8-12	InChI=1S/C16H20N4O/c1-12-2-4-13(5-3-12)10-14-11-18-16(17)19-15(14)20-6-8-21-9-7-20/h2-5,11H,6-10H2,1H3,(H2,17,18,19)	HHULTXGZBWPPAF-UHFFFAOYSA-N	6.98	25	0.165			1>>0	0.722	Epikx.defaultsettings.chargewindow_-2_2		
SAMPL8_12	SAMPL8	Cc1cc(Cc2cnc(N)nc2N)cc(C(C)(C)C)c1O.Cl	SAMPL8-14	InChI=1S/C16H22N4O.ClH/c1-9-5-10(7-12(13(9)21)16(2,3)4)6-11-8-19-15(18)20-14(11)17;/h5,7-8,21H,6H2,1-4H3,(H4,17,18,19,20);1H	MPMMMOLGIBXUDV-UHFFFAOYSA-N	7.27	25	0.165			1>>0	0.138	Epikx.defaultsettings.chargewindow_-2_2		
SAMPL8_13	SAMPL8	Cc1ccccc1Nc1nc(Cl)nc2ccccc12	SAMPL8-15	InChI=1S/C15H12ClN3/c1-10-6-2-4-8-12(10)17-14-11-7-3-5-9-13(11)18-15(16)19-14/h2-9H,1H3,(H,17,18,19)	VLMCLFBJKWKCDN-UHFFFAOYSA-N	2.54	25	0.165			1>>0	0.856	Epikx.defaultsettings.chargewindow_-2_2		
SAMPL8_14	SAMPL8	CC(C)(C)OC(=O)NCc1nc2ccccc2[nH]1	SAMPL8-16	InChI=1S/C13H17N3O2/c1-13(2,3)18-12(17)14-8-11-15-9-6-4-5-7-10(9)16-11/h4-7H,8H2,1-3H3,(H,14,17)(H,15,16)	WRAOGDJKTDDORV-UHFFFAOYSA-N	5.1	25	0.165			1>>0	0.161	Epikx.defaultsettings.chargewindow_-2_2		
SAMPL8_15	SAMPL8	Nc1nc2ccc(Br)cc2n1CC1(CO)CCOCC1	SAMPL8-17	InChI=1S/C14H18BrN3O2/c15-10-1-2-11-12(7-10)18(13(16)17-11)8-14(9-19)3-5-20-6-4-14/h1-2,7,19H,3-6,8-9H2,(H2,16,17)	DEXDPYDXXIZUFE-UHFFFAOYSA-N	6.58	25	0.165			1>>0	0.791	Epikx.defaultsettings.chargewindow_-2_2		
SAMPL8_16	SAMPL8	COc1ccc(Nc2nc(Cl)nc3ccccc23)cc1OC	SAMPL8-18	InChI=1S/C16H14ClN3O2/c1-21-13-8-7-10(9-14(13)22-2)18-15-11-5-3-4-6-12(11)19-16(17)20-15/h3-9H,1-2H3,(H,18,19,20)	VYQOQVFRTFZOKI-UHFFFAOYSA-N	2.72	25	0.165			1>>0	1.057	Epikx.defaultsettings.chargewindow_-2_2		
SAMPL8_17	SAMPL8	COc1ncc(Cc2c[nH]c(SCc3nc4ccccc4n3C)nc2=O)cn1	SAMPL8-19	InChI=1S/C19H18N6O2S/c1-25-15-6-4-3-5-14(15)23-16(25)11-28-19-22-10-13(17(26)24-19)7-12-8-20-18(27-2)21-9-12/h3-6,8-10H,7,11H2,1-2H3,(H,22,24,26)	XSAINYBPLYBYDD-UHFFFAOYSA-N	4.93	25	0.165			1>>0	0.0970000000000004	Epikx.defaultsettings.chargewindow_-2_2		
SAMPL8_18	SAMPL8	COc1ncc(Cc2c[nH]c(SCc3nc4ccccc4n3C)nc2=O)cn1	SAMPL8-19	InChI=1S/C19H18N6O2S/c1-25-15-6-4-3-5-14(15)23-16(25)11-28-19-22-10-13(17(26)24-19)7-12-8-20-18(27-2)21-9-12/h3-6,8-10H,7,11H2,1-2H3,(H,22,24,26)	XSAINYBPLYBYDD-UHFFFAOYSA-N	6.99	25	0.165			0>>-1	0	Epikx.defaultsettings.chargewindow_-2_2		
SAMPL8_19	SAMPL8	Nc1n[nH]c2nc(-c3ccccc3)c(Cl)cc12	SAMPL8-20	InChI=1S/C12H9ClN4/c13-9-6-8-11(14)16-17-12(8)15-10(9)7-4-2-1-3-5-7/h1-6H,(H3,14,15,16,17)	AHZYOIVYZHOXBU-UHFFFAOYSA-N	2.44	25	0.165			1>>0	0.965	Epikx.defaultsettings.chargewindow_-2_2		
SAMPL8_20	SAMPL8	Nc1n[nH]c2nc(-c3ccccc3)c(Cl)cc12	SAMPL8-20	InChI=1S/C12H9ClN4/c13-9-6-8-11(14)16-17-12(8)15-10(9)7-4-2-1-3-5-7/h1-6H,(H3,14,15,16,17)	AHZYOIVYZHOXBU-UHFFFAOYSA-N	11.44	25	0.165			0>>-1	0.796000000000001	Epikx.defaultsettings.chargewindow_-2_2		
SAMPL8_21	SAMPL8	COc1cc(Cc2c(N)nc(N)nc2OC)cc(OC)c1O	SAMPL8-21	InChI=1S/C14H18N4O4/c1-20-9-5-7(6-10(21-2)11(9)19)4-8-12(15)17-14(16)18-13(8)22-3/h5-6,19H,4H2,1-3H3,(H4,15,16,17,18)	KURIUXFGDYETDJ-UHFFFAOYSA-N	5.38	25	0.165			1>>0	0.402	Epikx.defaultsettings.chargewindow_-2_2		
SAMPL8_22	SAMPL8	COc1cc2nc(Cl)nc(N)c2cc1OC	SAMPL8-22	InChI=1S/C10H10ClN3O2/c1-15-7-3-5-6(4-8(7)16-2)13-10(11)14-9(5)12/h3-4H,1-2H3,(H2,12,13,14)	HWIIAAVGRHKSOJ-UHFFFAOYSA-N	2.57	25	0.165			1>>0	0.666	Epikx.defaultsettings.chargewindow_-2_2		
SAMPL8_23	SAMPL8	Cc1nc2cc(O)ccc2s1	SAMPL8-23	InChI=1S/C8H7NOS/c1-5-9-7-4-6(10)2-3-8(7)11-5/h2-4,10H,1H3	LAKVUPMDDFICNR-UHFFFAOYSA-N	2.65	25	0.165			1>>0	0.376	Epikx.defaultsettings.chargewindow_-2_2		
SAMPL8_24	SAMPL8	Cc1nc2cc(O)ccc2s1	SAMPL8-23	InChI=1S/C8H7NOS/c1-5-9-7-4-6(10)2-3-8(7)11-5/h2-4,10H,1H3	LAKVUPMDDFICNR-UHFFFAOYSA-N	9.02	25	0.165			0>>-1	0.425000000000001	Epikx.defaultsettings.chargewindow_-2_2		
euroSAMPL1_1	euroSAMPL1	Cn1nc(C(=O)O)cc1-c1ccco1	euroSAMPL-01	InChI=1S/C9H8N2O3/c1-11-7(8-3-2-4-14-8)5-6(10-11)9(12)13/h2-5H,1H3,(H,12,13)	XXEWHNSDJMBLBK-UHFFFAOYSA-N	3.61	25	0.165			0>>-1	0.00999999999999979	Epikx.defaultsettings.chargewindow_-2_2		
euroSAMPL1_2	euroSAMPL1	O=C(O)Cn1cc(-c2ccccc2)ccc1=O	euroSAMPL-02	InChI=1S/C13H11NO3/c15-12-7-6-11(8-14(12)9-13(16)17)10-4-2-1-3-5-10/h1-8H,9H2,(H,16,17)	BLTRVDPVSLGQJZ-UHFFFAOYSA-N	2.91	25	0.165			0>>-1	0.347	Epikx.defaultsettings.chargewindow_-2_2		
euroSAMPL1_3	euroSAMPL1	COc1ccc(-c2ccccn2)cc1	euroSAMPL-03	InChI=1S/C12H11NO/c1-14-11-7-5-10(6-8-11)12-4-2-3-9-13-12/h2-9H,1H3	QUMXRZNAUFKBAS-UHFFFAOYSA-N	5.02	25	0.165			1>>0	0.14	Epikx.defaultsettings.chargewindow_-2_2		
euroSAMPL1_4	euroSAMPL1	CC(C)(C)c1cc(N)ncn1	euroSAMPL-04	InChI=1S/C8H13N3/c1-8(2,3)6-4-7(9)11-5-10-6/h4-5H,1-3H3,(H2,9,10,11)	GVFMWHPJTZVYIF-UHFFFAOYSA-N	6.1	25	0.165			1>>0	0.619000000000001	Epikx.defaultsettings.chargewindow_-2_2		
euroSAMPL1_5	euroSAMPL1	NCc1ccc(C(N)=O)cc1	euroSAMPL-05	InChI=1S/C8H10N2O/c9-5-6-1-3-7(4-2-6)8(10)11/h1-4H,5,9H2,(H2,10,11)	JKIHDSIADUBKPU-UHFFFAOYSA-N	8.99	25	0.165			1>>0	0.0950000000000006	Epikx.defaultsettings.chargewindow_-2_2		
euroSAMPL1_6	euroSAMPL1	CN1C(=O)Cc2cc(C(=O)O)ccc21	euroSAMPL-06	InChI=1S/C10H9NO3/c1-11-8-3-2-6(10(13)14)4-7(8)5-9(11)12/h2-4H,5H2,1H3,(H,13,14)	FBTOSQDXUJQZTF-UHFFFAOYSA-N	4.24	25	0.165			0>>-1	0.157	Epikx.defaultsettings.chargewindow_-2_2		
euroSAMPL1_7	euroSAMPL1	Br.Cc1ccc(-c2csc(N)n2)cc1	euroSAMPL-07	InChI=1S/C10H10N2S.BrH/c1-7-2-4-8(5-3-7)9-6-13-10(11)12-9;/h2-6H,1H3,(H2,11,12);1H	RYGLGFKXSWZERM-UHFFFAOYSA-N	4.58	25	0.165			1>>0	0.914	Epikx.defaultsettings.chargewindow_-2_2		
euroSAMPL1_8	euroSAMPL1	O=C(NCc1ccccc1)c1ccc(O)cc1	euroSAMPL-08	InChI=1S/C14H13NO2/c16-13-8-6-12(7-9-13)14(17)15-10-11-4-2-1-3-5-11/h1-9,16H,10H2,(H,15,17)	FVQDRWUYZFPHLU-UHFFFAOYSA-N	8.5	25	0.165			0>>-1	0.449999999999999	Epikx.defaultsettings.chargewindow_-2_2		
euroSAMPL1_9	euroSAMPL1	CC(C)(C)C(=O)N1CCN(c2ccc(C(=O)O)cc2)CC1	euroSAMPL-09	InChI=1S/C16H22N2O3/c1-16(2,3)15(21)18-10-8-17(9-11-18)13-6-4-12(5-7-13)14(19)20/h4-7H,8-11H2,1-3H3,(H,19,20)	JLEDGVLJMBKJGY-UHFFFAOYSA-N	4.4	25	0.165			0>>-1	0.260000000000001	Epikx.defaultsettings.chargewindow_-2_2		
euroSAMPL1_10	euroSAMPL1	COc1cc(N)c(Cl)cc1C(=O)O	euroSAMPL-10	InChI=1S/C8H8ClNO3/c1-13-7-3-6(10)5(9)2-4(7)8(11)12/h2-3H,10H2,1H3,(H,11,12)	RVEATKYEARPWRE-UHFFFAOYSA-N	4.65	25	0.165			0>>-1	0.896	Epikx.defaultsettings.chargewindow_-2_2		
euroSAMPL1_11	euroSAMPL1	O=C(O)c1ccc2cccnc2n1	euroSAMPL-11	InChI=1S/C9H6N2O2/c12-9(13)7-4-3-6-2-1-5-10-8(6)11-7/h1-5H,(H,12,13)	SNLMOXFUCILIPL-UHFFFAOYSA-N	3.73	25	0.165			0>>-1	0.158	Epikx.defaultsettings.chargewindow_-2_2		
euroSAMPL1_12	euroSAMPL1	CC(=O)Nc1cc(C(=O)O)ccn1	euroSAMPL-12	InChI=1S/C8H8N2O3/c1-5(11)10-7-4-6(8(12)13)2-3-9-7/h2-4H,1H3,(H,12,13)(H,9,10,11)	VNQIEKXUBYBTPS-UHFFFAOYSA-N	3.67	25	0.165			0>>-1	0.395	Epikx.defaultsettings.chargewindow_-2_2		
euroSAMPL1_13	euroSAMPL1	Oc1ccc(-c2nnco2)cc1	euroSAMPL-13	InChI=1S/C8H6N2O2/c11-7-3-1-6(2-4-7)8-10-9-5-12-8/h1-5,11H	WENOJMGPELLGMA-UHFFFAOYSA-N	8.15	25	0.165			0>>-1	0.738	Epikx.defaultsettings.chargewindow_-2_2		
euroSAMPL1_14	euroSAMPL1	Cc1ncnc(O)c1Br	euroSAMPL-14	InChI=1S/C5H5BrN2O/c1-3-4(6)5(9)8-2-7-3/h2H,1H3,(H,7,8,9)	BIJQLSJJQJIFCL-UHFFFAOYSA-N	7.41	25	0.165			0>>-1	0.582	Epikx.defaultsettings.chargewindow_-2_2		
euroSAMPL1_15	euroSAMPL1	CC(=O)c1sc2ccccc2c1O	euroSAMPL-15	InChI=1S/C10H8O2S/c1-6(11)10-9(12)7-4-2-3-5-8(7)13-10/h2-5,12H,1H3	XQNRBPYRMAXIOB-UHFFFAOYSA-N	5.18	25	0.165			0>>-1	0.821000000000001	Epikx.defaultsettings.chargewindow_-2_2		
euroSAMPL1_16	euroSAMPL1	CC(C)CC(=O)Nc1cccc(O)c1	euroSAMPL-16	InChI=1S/C11H15NO2/c1-8(2)6-11(14)12-9-4-3-5-10(13)7-9/h3-5,7-8,13H,6H2,1-2H3,(H,12,14)	BXMOHBVSRIRLDB-UHFFFAOYSA-N	9.46	25	0.165			0>>-1	0.135000000000002	Epikx.defaultsettings.chargewindow_-2_2		
euroSAMPL1_17	euroSAMPL1	O=C(O)c1cccc(-n2cccc2)c1	euroSAMPL-17	InChI=1S/C11H9NO2/c13-11(14)9-4-3-5-10(8-9)12-6-1-2-7-12/h1-8H,(H,13,14)	PODFNQCZFHLJPH-UHFFFAOYSA-N	3.79	25	0.165			0>>-1	0.00600000000000023	Epikx.defaultsettings.chargewindow_-2_2		
euroSAMPL1_18	euroSAMPL1	CCc1cc2c(=O)[nH]cnc2s1	euroSAMPL-18	InChI=1S/C8H8N2OS/c1-2-5-3-6-7(11)9-4-10-8(6)12-5/h3-4H,2H2,1H3,(H,9,10,11)	GXZAQJCUXCKYKB-UHFFFAOYSA-N	8.96	25	0.165			0>>-1	0.271999999999998	Epikx.defaultsettings.chargewindow_-2_2		
euroSAMPL1_19	euroSAMPL1	Cc1nc2ccccn2c1CO	euroSAMPL-19	InChI=1S/C9H10N2O/c1-7-8(6-12)11-5-3-2-4-9(11)10-7/h2-5,12H,6H2,1H3	SEKFTKBRYHPGEI-UHFFFAOYSA-N	6.76	25	0.165			1>>0	1.366	Epikx.defaultsettings.chargewindow_-2_2		
euroSAMPL1_20	euroSAMPL1	CN1C(=O)C(C)(C)c2cc(C(=O)O)ccc21	euroSAMPL-20	InChI=1S/C12H13NO3/c1-12(2)8-6-7(10(14)15)4-5-9(8)13(3)11(12)16/h4-6H,1-3H3,(H,14,15)	PWJVVMYLEYLDLK-UHFFFAOYSA-N	4.24	25	0.165			0>>-1	0.277	Epikx.defaultsettings.chargewindow_-2_2		
euroSAMPL1_21	euroSAMPL1	CC(C)(C)c1cc2nc(C3CC3)cc(C(=O)O)n2n1	euroSAMPL-21	InChI=1S/C14H17N3O2/c1-14(2,3)11-7-12-15-9(8-4-5-8)6-10(13(18)19)17(12)16-11/h6-8H,4-5H2,1-3H3,(H,18,19)	YQPFTAHIXGSNQM-UHFFFAOYSA-N	3.05	25	0.165			0>>-1	0.346	Epikx.defaultsettings.chargewindow_-2_2		
euroSAMPL1_22	euroSAMPL1	CN(C)C(=O)c1ccccc1O	euroSAMPL-22	InChI=1S/C9H11NO2/c1-10(2)9(12)7-5-3-4-6-8(7)11/h3-6,11H,1-2H3	UBAYZMJYXBTDBB-UHFFFAOYSA-N	8.93	25	0.165			0>>-1	0.959	Epikx.defaultsettings.chargewindow_-2_2		
euroSAMPL1_23	euroSAMPL1	CCc1ncc(C(=O)O)c(C)n1	euroSAMPL-23	InChI=1S/C8H10N2O2/c1-3-7-9-4-6(8(11)12)5(2)10-7/h4H,3H2,1-2H3,(H,11,12)	BBVREYZUQSMPTO-UHFFFAOYSA-N	3.16	25	0.165			0>>-1	0.353	Epikx.defaultsettings.chargewindow_-2_2		
euroSAMPL1_24	euroSAMPL1	Cc1cc(N2CCOCC2)c2ccccc2n1	euroSAMPL-24	InChI=1S/C14H16N2O/c1-11-10-14(16-6-8-17-9-7-16)12-4-2-3-5-13(12)15-11/h2-5,10H,6-9H2,1H3	MVHYZDDSGBXCEZ-UHFFFAOYSA-N	7.63	25	0.165			1>>0	0.995	Epikx.defaultsettings.chargewindow_-2_2		
euroSAMPL1_25	euroSAMPL1	Cc1cc2ncn(CCC(N)=O)c2cc1C	euroSAMPL-25	InChI=1S/C12H15N3O/c1-8-5-10-11(6-9(8)2)15(7-14-10)4-3-12(13)16/h5-7H,3-4H2,1-2H3,(H2,13,16)	SBCFVMSQHHCZHV-UHFFFAOYSA-N	5.75	25	0.165			1>>0	0.0490000000000004	Epikx.defaultsettings.chargewindow_-2_2		
euroSAMPL1_26	euroSAMPL1	O=c1[nH]cnc2ccc(F)cc12	euroSAMPL-26	InChI=1S/C8H5FN2O/c9-5-1-2-7-6(3-5)8(12)11-4-10-7/h1-4H,(H,10,11,12)	WCSMZAHKVXOYLH-UHFFFAOYSA-N	9.24	25	0.165			0>>-1	0.991	Epikx.defaultsettings.chargewindow_-2_2		
euroSAMPL1_27	euroSAMPL1	NC(=O)c1ccc(-c2ccccn2)cc1	euroSAMPL-27	InChI=1S/C12H10N2O/c13-12(15)10-6-4-9(5-7-10)11-3-1-2-8-14-11/h1-8H,(H2,13,15)	JZHSNWDNRXLMND-UHFFFAOYSA-N	4.47	25	0.165			1>>0	0.433	Epikx.defaultsettings.chargewindow_-2_2		
euroSAMPL1_28	euroSAMPL1	Cn1ccnc1-c1cccnc1	euroSAMPL-28	InChI=1S/C9H9N3/c1-12-6-5-11-9(12)8-3-2-4-10-7-8/h2-7H,1H3	HGLHZTOYJKZEBP-UHFFFAOYSA-N	5.95	25	0.165			1>>0	0.504	Epikx.defaultsettings.chargewindow_-2_2		
euroSAMPL1_29	euroSAMPL1	Cc1ccc(-n2nnc(C(=O)O)c2C2CC2)cc1	euroSAMPL-29	InChI=1S/C13H13N3O2/c1-8-2-6-10(7-3-8)16-12(9-4-5-9)11(13(17)18)14-15-16/h2-3,6-7,9H,4-5H2,1H3,(H,17,18)	NWCQWSZPGGUHFP-UHFFFAOYSA-N	3.28	25	0.165			0>>-1	0.0180000000000002	Epikx.defaultsettings.chargewindow_-2_2		
euroSAMPL1_30	euroSAMPL1	O=C(NCCO)c1cc2ccccc2cc1O	euroSAMPL-30	InChI=1S/C13H13NO3/c15-6-5-14-13(17)11-7-9-3-1-2-4-10(9)8-12(11)16/h1-4,7-8,15-16H,5-6H2,(H,14,17)	VYHNSPUVKZPCDZ-UHFFFAOYSA-N	7.89	25	0.165			0>>-1	0.638999999999999	Epikx.defaultsettings.chargewindow_-2_2		
euroSAMPL1_31	euroSAMPL1	O=C(O)CN1C(=O)COc2ccccc21	euroSAMPL-31	InChI=1S/C10H9NO4/c12-9-6-15-8-4-2-1-3-7(8)11(9)5-10(13)14/h1-4H,5-6H2,(H,13,14)	POGLODLVBYOXAO-UHFFFAOYSA-N	2.87	25	0.165			0>>-1	0.475	Epikx.defaultsettings.chargewindow_-2_2		
euroSAMPL1_32	euroSAMPL1	CN1CCN(C(=O)c2cc(-c3ccccc3)on2)CC1	euroSAMPL-32	InChI=1S/C15H17N3O2/c1-17-7-9-18(10-8-17)15(19)13-11-14(20-16-13)12-5-3-2-4-6-12/h2-6,11H,7-10H2,1H3	JBBRWJDHUDHKOJ-UHFFFAOYSA-N	6.64	25	0.165			1>>0	0.434	Epikx.defaultsettings.chargewindow_-2_2		
euroSAMPL1_33	euroSAMPL1	c1csc(-c2cnc3n2CCC3)c1	euroSAMPL-33	InChI=1S/C10H10N2S/c1-4-10-11-7-8(12(10)5-1)9-3-2-6-13-9/h2-3,6-7H,1,4-5H2	LYZIBEKPTIUDDV-UHFFFAOYSA-N	6.79	25	0.165			1>>0	1.859	Epikx.defaultsettings.chargewindow_-2_2		
euroSAMPL1_34	euroSAMPL1	CSCc1ccc(C(=O)O)cc1	euroSAMPL-34	InChI=1S/C9H10O2S/c1-12-6-7-2-4-8(5-3-7)9(10)11/h2-5H,6H2,1H3,(H,10,11)	RRZKHKRMPGMOFO-UHFFFAOYSA-N	4.04	25	0.165			0>>-1	0.0599999999999996	Epikx.defaultsettings.chargewindow_-2_2		
euroSAMPL1_35	euroSAMPL1	Nc1ccc(-c2ccccc2)cn1	euroSAMPL-35	InChI=1S/C11H10N2/c12-11-7-6-10(8-13-11)9-4-2-1-3-5-9/h1-8H,(H2,12,13)	OAPVIBHQRYFYSE-UHFFFAOYSA-N	6.3	25	0.165			1>>0	0.819999999999999	Epikx.defaultsettings.chargewindow_-2_2		
